ticker,record_date,assets,liabilities,cash,shares,long_term_debt,revenue,net_income,ebit,operating_cash_flow,assets_yoy,net_income_yoy,operating_cash_flow_yoy
AUTL,2025-11-11,661947000.0,396495000.0,86124000.0,266143286.0,,30891000.0,-442312000.0,-457373000.0,-646427000.0,-0.20005438132182865,0.03625112675713207,-0.28459578108199624
PEPG,2025-11-05,190057000.0,26917000.0,142775000.0,68748224.0,,,,-171746000.0,-217623000.0,0.11644559841159816,,-0.04599583445951317
TOI,2025-11-06,163619000.0,175893000.0,200000.0,98381340.0,,,-101711000.0,-69563000.0,-43998000.0,-0.08686091872554874,-0.04136731452771686,0.0945189428459836
RCKT,2025-10-31,368033000.0,54364000.0,75948000.0,108222228.0,,,-430089000.0,-446717000.0,-525442000.0,-0.06516581658572271,0.2456121944273745,0.04673735425292723
ILPT,2025-10-24,5218846000.0,4305216000.0,83173000.0,66659235.0,4196825000.0,,-336484000.0,157028000.0,95608000.0,-0.04325761786666002,0.11406587098028685,2.4029560482302608
PUBM,2025-09-30,676188000.0,431128000.0,136548000.0,,,,58971000.0,-57027000.0,182472000.0,-0.018800134659809852,0.4079495552302669,0.13585062390523142
AKBA,2025-11-04,364152000.0,322560000.0,166444000.0,265365993.0,47641000.0,0.0,-101794000.0,78193000.0,-8625000.0,0.7579824468239179,-0.383049209745324,2.0185118669355955
DBI,2025-11-01,2052989000.0,1750105000.0,51352000.0,,463089000.0,5097926000.0,,150551000.0,130554000.0,-0.013348462391698434,,4.570322155392601
PNNT,2025-11-24,1349554000.0,885604000.0,51783000.0,65296094.0,,,,,497189000.0,-0.028459001098564092,,1.6077635211953873
CODI,2025-12-15,3274590000.0,2863860000.0,73757000.0,75235966.0,1857036000.0,1841668000.0,620808000.0,-66155000.0,-312578000.0,0.012783077384150172,-0.9245358024282377,0.2553446922473103
CCIX,2025-09-30,305010602.0,10143727.0,0.0,,,,,-9414717.0,-6732820.0,0.031021008580882817,,-1.7330027712115155
PERI,2024-12-31,915526000.0,192586000.0,156228000.0,44825053.0,24917000.0,2308216000.0,,272382000.0,383016000.0,-0.15013933420343722,,-0.9553655853804442
ENTA,2025-11-04,280732000.0,216015000.0,32298000.0,28862601.0,,240243000.0,197921000.0,-195732000.0,-79145000.0,-0.2546647834074955,1.293745281375225,0.7553196891981108
AMCX,2025-09-30,4209394000.0,3065749000.0,716838000.0,,1918713000.0,,340023000.0,432837000.0,952440000.0,-0.12766068119821553,0.8493306268425885,-0.19238316005631373
AVXL,2025-11-24,103815000.0,8946000.0,102577000.0,89348107.0,265.0,,,-118944000.0,-99580000.0,-0.2342162915753834,,-0.2671686355965208
AIRO,2025-11-14,774576211.0,35029065.0,,31303834.0,5134124.0,109807333.0,,-89189279.0,-77557571.0,0.10496084353424139,,-13.886529584044121
EGY,2025-11-04,950433000.0,444560000.0,23984000.0,104258253.0,60000000.0,633352000.0,42195000.0,105732000.0,264967000.0,0.013359590490701064,-0.897833102812356,-0.024441714244417143
DDD,2025-10-29,554549000.0,331257000.0,95542000.0,128738014.0,,,203230000.0,-162196000.0,-211434000.0,-0.15757372287611884,0.8990267912075619,-0.9707079145220836
FCEL,2025-12-15,932146000.0,201005000.0,278099000.0,47736734.0,87839000.0,131541000.0,-482835000.0,-487547000.0,-349023000.0,-0.012686892823400317,-0.4789914015277574,0.18060115364995488
EOLS,2025-10-31,218997000.0,247757000.0,43523000.0,64819784.0,121807000.0,,-24331000.0,-83974000.0,-129146000.0,-0.046213546566321734,-3.7180128104983594,-1.4155741658262815
MEC,2025-10-31,585582000.0,340812000.0,1217000.0,20318370.0,,669259000.0,,3480000.0,146628000.0,0.25660834073673505,,-0.5143209828919706
GPRK,2024-12-31,,,,51247287.0,,,,,,,,
DAVA,2021-06-30,,,,55718456.0,,,,,,,,
SLP,2025-12-31,137831000.0,10718000.0,30189000.0,20146585.0,3334296.0,125187000.0,3141384.0,-215630000.0,39294000.0,-0.3000517987365171,0.037484923464703404,4.323390894819466
DBO,2025-09-30,219501245.0,130341.0,47614947.0,16350000.0,,,,12192274.0,22172146.0,-0.12131509713690415,,-1.4045576648807974
AREC,2025-11-14,202357184.0,297419289.0,2081780.0,101393308.0,14300907.0,191028.0,,-40880670.0,-22972037.0,-0.04368446000546132,,0.46340915707120095
LAND,2025-11-04,1225778000.0,563984000.0,11312000.0,37266833.0,480356000.0,106065000.0,-31258000.0,19678000.0,38811000.0,-0.06992529980613611,0.3234836702954899,-1.2014917065568296
ASLE,2034-03-05,646276000.0,229195000.0,5267000.0,52990947.0,1533000.0,596080000.0,34046000.0,29994000.0,-93806000.0,0.07451916682184566,1.7469679560832376,-0.3027623890111558
CLDT,2025-11-05,1182540000.0,397057000.0,13226000.0,48516000.0,338846000.0,534969000.0,12348000.0,72043000.0,156093000.0,-0.08682830095576692,-0.31802120141342755,-0.14880268041914396
PAII,2025-09-30,203479308.0,9424690.0,,,,,,-195104.0,-627367.0,936.2434777802343,,
RPAY,2025-09-30,1333489000.0,711075000.0,95691000.0,,279536000.0,,,-327970000.0,255956000.0,-0.14753162501566228,,-0.41474300315958496
CARL,2025-11-03,134863000.0,28203000.0,115373000.0,26592908.0,15440000.0,,-49976000.0,-49014000.0,-73799000.0,1.6023271071318308,0.5764320135128421,-0.11254291492263556
RC,2025-11-06,8332101000.0,6448542000.0,147505000.0,162126276.0,1387775000.0,,-58946000.0,,834365000.0,-0.2595691441355779,0.8348565423685635,0.8028495247399808
SOPH,2024-12-31,,,,66687085.0,,,,,,,,
CMRC,2025-11-04,309465000.0,266630000.0,49912000.0,81263346.0,157298000.0,,-314941000.0,-26051000.0,62579000.0,-0.07663181639156433,-0.8247844855693363,0.8935941144805312
ALLO,2025-11-04,439771000.0,124442000.0,37815000.0,224730144.0,,,,-390641000.0,-466835000.0,-0.25351201792504074,,0.2564455202259141
ISSC,2025-11-30,103360153.0,38757611.0,2693595.0,17752354.0,24375000.0,,8140116.0,42413112.0,28610340.0,0.2546408868287798,-0.6154706430041167,1.2951705438473544
SITC,2025-10-31,653955000.0,345669000.0,128234000.0,52462340.0,4319143000.0,239856000.0,133366000.0,1039030000.0,168784000.0,-0.7908747982954164,-1.019233892630027,-0.8038813120203353
BGS,2025-10-30,2942556000.0,2471815000.0,60905000.0,79977050.0,2025989000.0,,-395017000.0,159835000.0,182008000.0,-0.13920457287953628,-2.7954469923562644,-0.8823320017402998
CHAC,2025-09-30,224854509.0,9138635.0,,,,,,-1729958.0,-982916.0,773.6071371976216,,-34.25523672883788
LOCO,2025-10-24,602748000.0,319816000.0,10872000.0,29954935.0,61000000.0,529980000.0,,74775000.0,104554000.0,0.021651801604816483,,-0.16963981918047927
PTLO,2025-09-28,1590542000.0,1102142000.0,49367000.0,61794622.0,322618000.0,,-976000.0,84223000.0,184924000.0,0.08095790526016043,1.0819672131147542,-0.3226088890124246
OEC,2025-10-31,1963900000.0,,51300000.0,56149706.0,,,,51300000.0,302700000.0,-0.016230025547262435,,2.99025974025974
RLMD,2025-11-10,14876244.0,5410705.0,1384484.0,73333622.0,,20666.0,,-87755482.0,-125482505.0,-0.7330394590315338,,0.2738931483733045
AZ,2024-12-31,,,,29590297.0,,,,,,,,
GUTS,2025-10-31,114272000.0,117450000.0,77657000.0,137044440.0,,,-222343000.0,-173143000.0,-205870000.0,-0.09968169928461126,-0.9679368230267984,-0.422896858951884
ZH,2024-12-31,785411000.0,210604000.0,547883000.0,,,,-602199000.0,-667684000.0,-327647000.0,-0.17937945489157806,0.8019171211203124,0.3441264416915848
KELYA,2025-09-28,2393100000.0,,30100000.0,,118400000.0,7505200000.0,-233000000.0,-116000000.0,264100000.0,-0.11000780988508312,-215.42857142857142,6.899159663865547
AARD,2025-11-03,133229000.0,10852000.0,39285000.0,21773272.0,,,,-103890000.0,-80342000.0,0.7189286128994801,,-2.6063706563706566
PBYI,2025-11-03,202862000.0,87594000.0,53525000.0,50391107.0,34007000.0,121886000.0,-137915000.0,47022000.0,87607000.0,-0.08091210170305499,0.8016535485151134,0.17468148084595256
CLYM,2025-10-31,182304000.0,5301000.0,25803000.0,68184435.0,,,-107004000.0,-107851000.0,-96299000.0,-0.17954626258444006,0.13039132774659798,-2.856289214221691
PROF,2025-11-13,42305000.0,10162000.0,24826000.0,30193592.0,4480000.0,22453000.0,-84486000.0,-81576000.0,-85404000.0,-0.3976564057294188,0.6511871966417421,-0.8004438374871969
IMRX,2025-09-30,241056266.0,13079834.0,227563077.0,25938064.0,,0.0,,-106004394.0,-128110968.0,2.5161384004785265,,0.123121189927412
CADL,2025-11-05,93598000.0,13474000.0,86963000.0,54898303.0,560000.0,,,-76205000.0,-80889000.0,3.349955848863689,,-0.30807675986609456
QTRX,2025-11-04,444140000.0,129606000.0,38298000.0,46710797.0,1943000.0,69691000.0,-113202000.0,-238683000.0,-129387000.0,0.08056424654401424,-0.29363267376966007,-0.9698010498347482
BLZE,2025-10-30,191530000.0,108701000.0,29077000.0,57700000.0,,,,-44633000.0,40167000.0,0.4057866768444849,,0.3854166666666667
HNST,2025-11-03,241539000.0,51354000.0,71453000.0,111790674.0,,,19634000.0,14304000.0,-9267000.0,0.15456757312275637,3.5939393939393938,-1.2279756071000762
HRZN,2025-10-28,759212000.0,443511000.0,,44383292.0,424031000.0,,-43759000.0,,114224000.0,-0.04269715058115636,3.518605677305486,1.894789345924916
STTK,2025-10-23,100333000.0,7093000.0,42548000.0,63279843.0,,,,-89306000.0,-126402000.0,-0.10192445399212316,,0.27240699965233517
PLG,2025-08-31,,,,112571113.0,,,,,,,,
SENS,2025-10-31,139924000.0,61759000.0,34458000.0,40858460.0,35266000.0,32915000.0,-177245000.0,-109147000.0,-143056000.0,0.45253345236735837,-0.3453448668335989,0.1093706051623791
ACHV,2025-11-06,52040000.0,18425000.0,31930000.0,53233988.0,,,-14673000.0,45418000.0,-92503000.0,0.086044618820043,-0.1660044500953592,-0.5299548126913173
PDYN,2025-10-28,72929000.0,21083000.0,27361000.0,42037410.0,,8185000.0,15577000.0,-54274000.0,-62117000.0,0.8826217151117766,0.47294250281848926,-0.09132394044834864
ACRS,2025-10-31,175534000.0,55434000.0,25256000.0,108345239.0,10731000.0,1118000.0,-219592000.0,-125690000.0,-90164000.0,-0.037610886323015014,-0.7996921723834652,-2.0512705396426325
PALI,2025-11-05,6973000.0,3761000.0,5227000.0,149003210.0,87000.0,272500.0,-18548000.0,-18993000.0,-26379000.0,-0.2531062553556127,0.17751648981932894,0.21494088870770486
ZIP,2025-09-30,573552000.0,649700000.0,211809000.0,,,,-47267000.0,-53378000.0,39700000.0,-0.12036219081272084,-2.3552894211576847,-0.9023854646090906
BNED,2025-11-19,790285000.0,518097000.0,9058000.0,34053847.0,103100000.0,2821112000.0,-35612000.0,85046000.0,-458069000.0,-0.13150627123058545,1.7358647162568732,-15.675712612260835
PRE,2024-12-31,,,,12984844.0,,,,,,,,
INV,2025-11-12,556515000.0,149936000.0,9061000.0,62471971.0,14907000.0,,-595526000.0,-1008528000.0,-136992000.0,8.985735048716155,0.0224060668734919,-2.0207540086877245
GLDG,2024-11-30,,,,195935156.0,,,,,,,,
ABEO,2025-11-07,231095000.0,59862000.0,82884000.0,54191361.0,19751000.0,2998000.0,-154300000.0,-155866000.0,-169976000.0,0.916337733846358,0.620253164556962,-0.47944545823195456
SLN,2025-10-30,146790000.0,72727000.0,82031000.0,141701848.0,,,,-181195000.0,-159026000.0,-0.27559404841216967,,-0.12014741402923379
GSIT,2025-10-31,51989000.0,13437000.0,25326000.0,35241703.0,,,-21443000.0,-21561000.0,-28603000.0,0.09695320082710891,0.4164529131550018,0.6643853305785123
ASPN,2025-11-04,491395000.0,185662000.0,150722000.0,82647081.0,70090000.0,,-13949000.0,-620843000.0,69620000.0,-0.3720889818001066,-0.22799365582870737,0.6966041561074506
QSI,2025-09-30,260127000.0,24968000.0,30910000.0,,,,-196292000.0,-220130000.0,-238670000.0,0.10011672460605446,-0.41046102793031247,-0.2072896447607604
CCRN,2025-10-31,538231000.0,130089000.0,99132000.0,32759952.0,70974000.0,1458401000.0,-30505000.0,-31477000.0,165707000.0,-0.09907887711052303,-2.8684931506849316,-0.6869902588598485
IMMX,2025-11-05,20080604.0,11815634.0,15947308.0,33577873.0,,80000000.0,,-44843983.0,-36175860.0,-0.20129815374961738,,0.016633020563303152
TPVG,2025-11-04,835513000.0,480460000.0,20033000.0,40399797.0,466124000.0,,,,42812000.0,0.07344814959947067,,-1.8241440933032356
BLFY,2025-11-07,2155792000.0,1841395000.0,44086000.0,20761225.0,,,,,-2555000.0,0.04899972896603706,,-1.3659192825112108
BZAI,2025-11-06,60904000.0,59598000.0,24001000.0,110988152.0,,31694000.0,,-186861000.0,-108377927.0,0.21545308985501993,,-0.6008159159494803
ALDX,2025-10-28,77801012.0,28556469.0,59340599.0,60162773.0,15300000.0,,-28157757.0,-67363378.0,-104749704.0,-0.33684417213623885,-1.324930881852549,0.10026866503044954
MEI,2025-12-01,1287400000.0,608100000.0,118500000.0,35408249.0,332500000.0,3350400000.0,,-15900000.0,60200000.0,-0.06377717984146608,,1.477088948787062
OPRX,2025-10-24,170321000.0,48058000.0,19519000.0,18640652.0,28790000.0,183575000.0,-66680306.0,9438000.0,28805000.0,0.031005030296793565,-0.1448339637795256,1.4785759965892133
SLQT,2025-10-31,1206976000.0,660050000.0,10745000.0,175971744.0,393149000.0,3445057000.0,26251000.0,130834000.0,-52777000.0,0.05240781221253306,-0.07621335248956135,-0.30180614087898855
TSSI,2025-11-11,165412000.0,102002000.0,70696000.0,28845037.0,0.0,413594000.0,,13072000.0,91450000.0,1.4584881543354835,,-0.49806469075653
MDWD,2024-12-31,,,,10793057.0,,,,,,,,
LTRX,2025-11-01,119568000.0,45118000.0,22191000.0,39358610.0,5250000.0,275301000.0,,-23974000.0,20126000.0,-0.13267275022124214,,0.3537363875328577
ELME,2025-10-21,1686859000.0,777680000.0,7088000.0,88161161.0,,433489000.0,-267684000.0,-200340000.0,219376000.0,-0.0897386570715195,-39.550196850393704,-0.12445751282884972
KINS,2025-11-06,428590242.0,320937200.0,8976998.0,14147428.0,4752684.0,369186867.0,,,155998358.0,0.23515031010543597,,0.517797011165295
ACB,2025-03-31,,,,56234231.0,,,,,,,,
INVZ,2025-09-30,151063000.0,,7886000.0,169397030.0,,112061000.0,-205127000.0,-262400000.0,-199912000.0,0.143992002968595,0.388926090781371,0.343838814453918
HRTX,2025-10-30,248950000.0,234065000.0,43068000.0,183362522.0,,,,-6789000.0,-69544000.0,0.12760840123744774,,-0.7124383663596614
HUMA,2025-11-04,91509000.0,96260000.0,19488000.0,187271321.0,30000000.0,,-56142000.0,-184329000.0,-260655000.0,-0.20263322993273153,0.5747693627976829,-0.1030540219442309
UIS,2025-09-30,1743800000.0,,321900000.0,71306106.0,490400000.0,3234500000.0,-200600000.0,34100000.0,-359400000.0,-0.06327889987107864,-0.3689727463312369,-5.1863247863247866
LOVE,2025-12-08,495514000.0,306207000.0,23722000.0,14617106.0,78000000.0,1058668000.0,-47345414.0,-87985000.0,-65705000.0,-0.008404807549918554,0.5597514795140357,-5.756440745144669
EWCZ,2025-10-04,734117000.0,,,,390000000.0,,,14281000.0,142325000.0,0.0,,0.1316145181476846
RZLT,2025-11-04,158664000.0,11496000.0,9098000.0,92727532.0,14286000.0,,-263117000.0,-173778000.0,-202685000.0,0.28562399727745635,-0.08695715683839962,-0.08842263019857624
FC,2025-12-31,221263000.0,167251000.0,17525000.0,11552552.0,18810000.0,594052000.0,,-2333000.0,60890000.0,-0.0777096029278134,,-0.9930717568045245
FOSL,2025-11-04,701027000.0,,79216000.0,54640589.0,164800000.0,,-121772000.0,-31389000.0,-137707000.0,-0.1370998316117025,-0.24470044644250882,-5.520314142600952
OSS,2025-10-31,43057960.0,16718212.0,6508020.0,24515491.0,3012945.0,94652434.0,,-8221374.0,-7673609.0,-0.014100202801365735,,-3.297882712982466
FNKO,2025-09-30,699271000.0,,39177000.0,,105967000.0,,,-137781000.0,23614000.0,-0.10758779643020315,,-1.5209438047127484
CCCC,2025-10-29,265488000.0,111080000.0,58809000.0,96914418.0,10335000.0,,-199389000.0,-212655000.0,-220333000.0,-0.294027548795405,-0.26467174191603227,-0.6209422975119111
RILY,2025-12-10,1545223000.0,1854526000.0,267388000.0,30597066.0,1323727000.0,1661327000.0,-521402000.0,-577062000.0,504654000.0,-0.5225314110451438,1.3155417922542405,-1.1027998006797954
CABA,2025-10-31,189759000.0,50293000.0,60206000.0,96265204.0,,,-73914000.0,-305166000.0,-275989000.0,-0.07167457560784697,-0.49710359692846556,-0.47061443932411673
CATX,2025-11-06,294825000.0,52609000.0,26762000.0,74337990.0,1638000.0,14760000.0,-23226000.0,-171503000.0,-139238000.0,-0.24626680608355297,-3.5729426433915212,-7.957050048123195
ALTS,2026-01-12,1640028000.0,80090000.0,7318000.0,126199169.0,6166000.0,26752000.0,64857000.0,-42623000.0,-21959000.0,20.89974361713492,60.564476885644766,-5.147492625368732
DFDV,2025-11-19,479954000.0,236150000.0,1800000.0,31401212.0,,15782000.0,,193975000.0,-12301923.0,106.01804653278467,,-2.1447074586869137
JELD,2025-10-31,2171754000.0,2057815000.0,106676000.0,85429710.0,0.0,,157544000.0,-816722000.0,-63911000.0,-0.23387353953829654,0.5859715401082987,-1.4831784684396028
SHIP,2025-06-30,597565000.0,339823000.0,12844000.0,68314985.0,285029000.0,391996000.0,84122000.0,137318000.0,161613000.0,0.1382689146381651,-1.174543408638449,-0.5366640036521342
SRFM,2025-11-07,106786000.0,199343000.0,7062000.0,52266051.0,63800000.0,,,-117927000.0,-142361000.0,0.09100011238365738,,-0.489428143907358
LPRO,2025-11-04,287651000.0,214826000.0,222134000.0,118189443.0,134352000.0,131414000.0,-10802000.0,-10350000.0,2126000.0,-0.2730707316271888,-6.267223382045929,-1.4120900076277652
SPCE,2025-11-06,853543000.0,627646000.0,128789000.0,63200245.0,310000.0,,-499648000.0,-519054000.0,-747652000.0,-0.16015404763708674,0.13580627850818353,0.3092046174006508
NNOX,2024-12-31,210002000.0,20883000.0,39304000.0,63762001.0,3800000.0,39671000.0,280654000.0,-299634000.0,-169537000.0,-0.039543009769126634,0.8324703064824104,0.1826607410054269
INGN,2025-10-31,307009000.0,109834000.0,106476000.0,27148482.0,80000.0,626171000.0,10311000.0,-47931000.0,-33589000.0,0.002733757495786682,16.87878787878788,-2.1501343484102104
ALEC,2025-10-31,335285000.0,277573000.0,76503000.0,109151472.0,10000000.0,37490000.0,,-267020000.0,-542857000.0,-0.3502518298602969,,0.18605648541546344
LFMD,2025-11-14,65983378.0,62615226.0,36228305.0,48135885.0,15900000.0,26817836.0,-17769589.0,-4773982.0,38044753.0,-0.09063604009938159,0.22433001333101332,-0.2967897775952137
TRUE,2025-11-03,148687000.0,34506000.0,103186000.0,88940050.0,,,,-62829000.0,-8916000.0,-0.11247007980707818,,0.08342361863488625
ARCT,2025-11-05,282343000.0,57784000.0,180360000.0,28412537.0,13300000.0,,,-101523000.0,-193822000.0,-0.23825724260361414,,0.02386357903233944
NUAI,2025-11-13,23427891.0,10486922.0,14164499.0,53449171.0,6680635.0,1599074.0,-29024870.0,-18137375.0,-20040814.0,1.5512666169870848,-0.9111400966215504,-2.0309937613195057
LODE,2025-10-27,176291084.0,54600835.0,31712352.0,51264247.0,0.0,2698426.0,-43210585.0,-57508456.0,-47171130.0,0.7001282326058152,-2.2105172068685945,-0.9221024986002785
ALTG,2025-11-04,1431000000.0,1428100000.0,14100000.0,32235283.0,309300000.0,,-148400000.0,48400000.0,35200000.0,-0.07623781550577755,-0.4894366197183099,-1.0407239819004526
MIST,2025-11-12,87750000.0,67249000.0,46685000.0,85169344.0,56206000.0,,,-102297000.0,-105584000.0,0.060987110971392644,,-0.6480799818223131
ASYS,2025-12-03,92873000.0,39488000.0,17904000.0,14356797.0,294000.0,395107000.0,,-89484000.0,19430000.0,-0.2216020048108756,,-0.1996545417598049
ACH,2025-10-24,4036226000.0,4465733000.0,32837000.0,77346594.0,1025967000.0,,-795545000.0,-26608000.0,-41003000.0,-0.20566778226439705,-7.092203030683228,-2.878312374301059
SGMT,2025-09-30,128401000.0,7180000.0,32496000.0,30674855.0,,,,-104173000.0,-114425000.0,-0.2653354312687741,,-0.07659737034796728
PRLD,2025-11-10,94755000.0,36221000.0,47532000.0,62865270.0,,,,-206630000.0,-276846000.0,-0.5195466991177365,,0.033149104012465916
RANI,2025-09-30,10139000.0,22112000.0,4144000.0,,13750000.0,,,-70055000.0,-76598000.0,-0.7671336701883326,,0.29182966357438245
SLNH,2025-11-12,152035000.0,78570000.0,4600000.0,68423108.0,13254000.0,47177000.0,-113522000.0,-49786000.0,-9998000.0,0.5617520467595969,-2.0819967923015237,-0.01963657678780774
SLMT,,,,,,,,,,,,,
SRZN,2025-11-05,94046000.0,117561000.0,81335000.0,8571421.0,,24587000.0,-103492000.0,-67923000.0,-66731000.0,0.9593733072211342,-1.0166924700914848,-0.15742100525842057
VLN,2025-09-30,136691000.0,27859000.0,31588000.0,106342415.0,,119503000.0,-19661000.0,-57153000.0,-25057000.0,-0.20476243113208095,0.28937000759027,-2.5728744939271255
BDTX,2025-10-30,157733000.0,31581000.0,30864000.0,56974913.0,,,,46844000.0,71759000.0,0.14385478911643557,,1.770424144937352
ARQ,2025-11-03,277946000.0,60792000.0,7026000.0,42693884.0,26097000.0,185770000.0,-9508000.0,-5019000.0,-574000.0,-0.007211615737681496,1.743448275862069,-0.9946848899012908
KLRS,2025-11-05,81175000.0,39310000.0,42387000.0,18702418.0,,,,-82958000.0,-126439000.0,-0.33750918142495717,,-1.442702238864186
CGEN,2025-06-30,106525000.0,,6467000.0,89541246.0,,49927000.0,,-55523000.0,110446000.0,-0.03305890148592591,,-1.467571720021157
GTE,2025-10-28,1655809000.0,,49089000.0,35295753.0,754253000.0,1033464000.0,,,576514000.0,0.07984397845801883,,-0.2663576445367959
RGP,2025-12-30,289273000.0,94686000.0,89810000.0,33502154.0,,1027253000.0,,-225073000.0,21275000.0,-0.3191541943121827,,4.408724832214765
QNCX,2025-11-06,109899000.0,108840000.0,6452000.0,55681490.0,0.0,,,-87857000.0,-93465000.0,-0.13136366869798213,,-0.2706964520367937
PCSC,2025-09-30,92200869.0,4384557.0,,8911250.0,,,,-2803824.0,-1528420.0,0.03588540622329594,,-1.0148509789888043
UPXI,2025-11-12,419728167.0,,7149806.0,59918609.0,27419950.0,39734057.0,3360650.0,47072693.0,-25699245.0,21.562357429123903,1.8159954030341674,-3.9530338419278515
AIRS,2025-11-06,185920000.0,103815000.0,5405000.0,62436670.0,56913000.0,,-26491000.0,-20320000.0,23697000.0,-0.1072054551129679,-0.5748344370860927,-0.3485006367951835
ARBE,2025-09-30,66082000.0,,4008000.0,105163188.0,,1664000.0,-144293000.0,-95695000.0,-81139000.0,0.1913965312083078,0.06527659120034174,0.5408411253449767
KPTI,2025-10-30,96232000.0,365490000.0,37672000.0,17050876000.0,169293000.0,,9362000.0,-170113000.0,-287692000.0,-0.49211509637104434,2.344952100221076,0.37506392855737836
UNG,2025-11-03,650650435.0,26171321.0,483345718.0,48846103.0,,75264252.0,,,589055495.0,-0.3023515230608212,,3.3959949787768973
FBIO,2025-09-30,181407000.0,116222000.0,86218000.0,82474127.0,47774000.0,110779000.0,21986000.0,-167506000.0,-200110000.0,0.427446197426919,1.2443484042553192,0.2088312228761667
FGNX,2025-11-12,244737000.0,13716000.0,7495000.0,39574350.0,203000.0,63803000.0,-13008000.0,6343000.0,-16507000.0,1.110547693581352,-1.2229839646758076,-0.2676093916755603
UNCY,2025-11-12,50611000.0,13131000.0,42695000.0,21491396.0,,2700000.0,-30222000.0,-51565000.0,-78086000.0,0.3120495670658993,0.6312043683661575,-0.05711172651745585
OPTX,2025-11-11,24575924.0,14766231.0,325098.0,36920226.0,2743341.0,0.0,,-1819052.0,174230.0,-0.10017220390535844,,1.431845948992658
AGEN,2025-11-07,233891000.0,,3458000.0,34008349.0,34209000.0,56226127.0,-6947000.0,-85845000.0,-290350000.0,-0.01925092879127146,1.961167971101746,0.5328119818298204
OVID,2025-11-07,63848000.0,19150000.0,20611000.0,71212353.0,,,-25989000.0,-65365000.0,-109216000.0,-0.3780271591949656,-0.2446458722118546,0.3922259946025942
FATE,2025-11-06,343671000.0,,40622000.0,115352289.0,18480000.0,,,-262934000.0,-297849000.0,-0.3056730710952179,,0.12942413883775966
MGNX,2025-11-07,270763000.0,203762000.0,80129000.0,63258532.0,,238787000.0,-73795000.0,-158247000.0,-333199000.0,0.023709601802701027,-145.8859623900167,-3.1400587332309953
INO,2025-11-07,69385656.0,77105633.0,36567420.0,53571675.0,62757286.0,55181507.0,-338310551.0,-161775525.0,-247894847.0,-0.35189737267460763,-0.2309156449102759,0.17952006099939247
BLNK,2025-11-03,171277000.0,80497000.0,23110000.0,114567268.0,423332.0,181569000.0,-21262545.0,-139197000.0,-119081000.0,-0.4347722780119001,0.6410546167664194,0.09445879988515647
RPTX,2025-10-31,126747000.0,11620000.0,72825000.0,42985755.0,,,-252608000.0,-113452000.0,-193877000.0,-0.38588296856906135,-0.44790756015051886,0.12819364426619978
ANVS,2025-11-12,17188961.0,4032797.0,15286399.0,26502889.0,,,,-46249671.0,-59891489.0,0.1968714993396268,,-0.22656709131386885
BMEA,2025-10-31,55187000.0,39568000.0,46642000.0,70703639.0,,4445000000.0,,-164862000.0,-246869000.0,-0.5002037692788379,,0.37224385359884304
GANX,2025-10-31,10971680.0,5062250.0,8807353.0,36097536.0,424342.0,220720.0,,-33578884.0,-45462808.0,-0.2362566742477062,,0.10196682822075426
PZG,2025-11-11,54812128.0,23266910.0,4165894.0,78358426.0,4221810.0,770241.0,-6235773.0,-15495937.0,-12975121.0,-0.00292242804812025,0.059640842782281246,0.07402004704253871
PYXS,2025-10-31,105604000.0,36825000.0,8919000.0,62264215.0,,24606000.0,,-152000000.0,-173080000.0,-0.459303367449862,,-0.38280965035693815
LAKE,2025-10-31,220717000.0,86233000.0,25222000.0,9570618.0,2900000.0,346152000.0,,-24638000.0,-47972000.0,0.09693210677242524,,-0.4078757803745798
UAVS,2025-11-14,34465282.0,6129041.0,3784659.0,40072588.0,420369.0,30899140.0,-8878163.0,-14517521.0,-19241515.0,0.5639118794936007,0.423178928833278,-0.8081450440012818
AMPG,2025-11-11,47239387.0,11420772.0,8387194.0,20638095.0,1148595.0,52463643.0,,-9997725.0,-16824486.0,0.7149055579017023,,-0.27385683585504894
ACRV,2025-11-07,145299000.0,16696000.0,35405000.0,31555126.0,,,,-150645000.0,-169777000.0,-0.3231959531217976,,-0.002463309114243723
OPAD,2025-10-27,223461000.0,183609000.0,30959000.0,36859946.0,,1067703000.0,,-59901000.0,3318000.0,-0.33982593179078724,,2.314656562399226
IBIO,2025-11-10,64155000.0,8116000.0,28111000.0,22487308.0,,150000.0,-19318000.0,-35383000.0,-37323000.0,1.6167557205204552,-0.42140887440461267,-0.5248990578734859
SOGP,2025-02-28,71437000.0,42077000.0,60534000.0,987114810.0,,1219591000.0,-34797000.0,-45162000.0,-6696000.0,-0.10479949874686717,0.4656090588037446,0.7801297992357615
BDSX,2025-10-28,88722000.0,90444000.0,16604000.0,7955685.0,50010000.0,139506000.0,,-61531000.0,-96470000.0,-0.13646671792725537,,0.46021592260902744
OSG,2025-11-07,2147890000.0,1000469000.0,27520000.0,43812035.0,518000000.0,423595000.0,-536119000.0,,1702000.0,-0.7679461970613656,-3.094826018979748,-1.6756682461973453
